timestamp_utc,user_id_hash,shard_id,accuracy_before,accuracy_after,accuracy_delta,retrain_time_sec,samples_removed,status
2025-06-01T09:00:00+00:00,3a9f2c…,0,0.8845,0.8811,-0.0034,4.17,46,success
2025-06-01T09:00:04.479076+00:00,3a9f2c…,1,0.8717,0.8576,-0.0141,4.63,52,success
2025-06-01T09:00:09.522920+00:00,7e1b04…,0,0.8908,0.8845,-0.0063,4.16,17,success
2025-06-01T09:00:14.445410+00:00,c5d8a1…,0,0.8706,0.8571,-0.0135,5.31,75,success
2025-06-01T09:00:20.723941+00:00,c5d8a1…,1,0.8728,0.8697,-0.0031,5.97,79,success
2025-06-01T09:00:26.669170+00:00,c5d8a1…,2,0.8601,0.8539,-0.0062,5.9,69,success
2025-06-01T09:00:31.954662+00:00,f2a3e9…,0,0.8833,0.8676,-0.0157,4.53,38,success
2025-06-01T09:00:36.041563+00:00,91bc72…,0,0.8765,0.8716,-0.0049,5.57,51,success
2025-06-01T09:00:41.645644+00:00,91bc72…,1,0.8854,0.8731,-0.0123,5.46,59,success
2025-06-01T09:00:46.530221+00:00,0d4f77…,2,0.8801,0.8801,+0.0000,0.0,0,failed_no_data
